Assembly,gyrA_D87G,gyrA_D87H,gyrA_D87N,gyrA_D87Y,gyrA_S83A,gyrA_S83L,parC_A56T,parC_E84A,parC_E84G,parC_E84V,parC_S57T,parC_S80I,parC_S80R
GCA_004282155.1,0,0,1,0,0,1,1,0,0,0,0,1,0
GCA_012432675.1,0,0,1,0,0,1,0,0,0,0,0,1,0
GCA_012442225.1,0,0,1,0,0,1,0,0,0,1,0,1,0
GCA_012442945.1,0,0,1,0,0,1,0,0,0,0,0,1,0
GCA_012479855.1,0,0,1,0,0,1,0,0,0,0,0,1,0
GCA_012507815.1,0,0,1,0,0,1,0,0,0,1,0,1,0
GCA_012586815.1,0,0,1,0,0,1,0,0,0,1,0,1,0
GCA_012608355.1,0,0,0,1,0,0,0,0,0,0,0,0,0
GCA_012609195.1,0,0,0,0,0,1,0,0,0,0,0,0,0
GCA_012634105.1,0,0,0,0,0,1,0,0,0,0,0,0,0
GCA_012642885.1,0,0,1,0,0,1,0,0,0,1,0,1,0
GCA_012677185.1,0,0,1,0,0,1,0,0,0,1,0,1,0
GCA_012677445.1,0,0,1,0,0,1,0,0,0,1,0,1,0
GCA_012707245.1,0,0,1,0,0,1,0,0,0,1,0,1,0
GCA_012707305.1,0,0,1,0,0,1,0,0,0,1,0,1,0
GCA_012707325.1,0,0,1,0,0,1,0,0,0,0,0,1,0
GCA_012768095.1,0,0,1,0,0,1,0,0,0,0,0,1,0
GCA_012773855.1,0,0,1,0,0,1,0,0,0,0,0,1,0
GCA_012774455.1,0,0,1,0,0,1,0,0,0,1,0,1,0
GCA_012774935.1,0,0,1,0,0,1,1,0,0,0,0,1,0
GCA_012775005.1,0,0,1,0,0,1,0,0,0,1,0,1,0
GCA_014625455.1,0,0,1,0,0,1,0,0,0,0,0,1,0
GCA_018258695.1,0,0,1,0,0,1,0,0,0,1,0,1,0
GCA_018260765.1,0,0,1,0,0,1,0,0,0,1,0,1,0
GCA_018262065.1,0,0,0,0,0,1,0,0,0,0,0,0,0
GCA_023858345.1,0,0,1,0,0,1,0,0,0,0,0,1,0
GCA_023860005.1,0,0,1,0,0,1,0,0,0,1,0,1,0
GCA_023863845.1,0,0,1,0,0,1,0,0,0,1,0,1,0
GCA_023863885.1,0,0,1,0,0,1,0,0,0,1,0,1,0
GCA_023865935.1,0,0,1,0,0,1,0,0,0,1,0,1,0
GCA_023866555.1,0,0,1,0,0,1,0,0,0,0,0,1,0
GCA_023868315.1,0,0,1,0,0,1,0,0,0,1,0,1,0
GCA_023869765.1,0,0,1,0,0,1,0,0,0,0,0,1,0
GCA_023871695.1,0,0,1,0,0,1,0,0,0,0,0,1,0
GCA_023872805.1,0,0,1,0,0,1,0,0,0,1,0,1,0
GCA_023874385.1,0,0,0,0,0,1,0,0,0,0,0,1,0
GCA_023875805.1,0,0,0,0,0,1,0,0,0,0,0,0,0
GCA_023876545.1,0,0,1,0,0,1,0,0,0,0,0,1,0
GCA_023877445.1,0,0,1,0,0,1,0,0,0,1,0,1,0
GCA_023878065.1,0,0,1,0,0,1,0,0,0,1,0,1,0
GCA_023878265.1,0,0,1,0,0,1,0,0,0,1,0,1,0
GCA_023878585.1,0,0,0,0,1,0,0,0,0,0,0,0,0
GCA_023878845.1,0,0,1,0,0,1,0,0,1,0,0,1,0
GCA_023880285.1,0,0,1,0,0,1,0,0,0,1,0,1,0
GCA_023882195.1,0,0,1,0,0,1,0,0,0,1,0,1,0
GCA_023882335.1,0,0,1,0,0,1,0,0,0,1,0,1,0
GCA_023882925.1,0,0,0,0,0,1,0,0,0,0,0,0,0
GCA_023884525.1,0,0,1,0,0,1,0,0,0,1,0,1,0
GCA_023889885.1,0,0,0,0,0,1,0,0,0,0,0,0,0
GCA_023890085.1,0,0,1,0,0,1,0,0,0,1,0,1,0
GCA_023890985.1,0,0,1,0,0,1,0,0,0,0,0,1,0
GCA_023891125.1,0,0,1,0,0,1,0,0,0,0,0,1,0
GCA_023891325.1,0,0,1,0,0,1,0,0,0,1,0,1,0
GCA_023894885.1,0,0,1,0,0,1,0,0,1,0,0,1,0
GCA_023895495.1,0,0,1,0,0,1,0,0,0,0,0,1,0
GCA_024165785.1,0,0,1,0,0,1,0,0,0,0,0,1,0
GCA_025579625.2,0,0,1,0,0,1,0,0,0,1,0,1,0
GCA_025782975.2,0,0,1,0,0,1,0,0,0,0,0,1,0
GCA_025784135.2,0,0,1,0,0,1,0,0,0,0,0,1,0
GCA_025784155.2,0,0,0,0,1,0,0,0,0,0,0,0,0
GCA_025785025.2,0,0,1,0,0,1,0,0,0,1,0,1,0
GCA_025785545.2,0,0,1,0,0,1,0,0,0,0,0,1,0
GCA_025785945.2,0,0,1,0,0,1,0,0,0,0,0,1,0
GCA_025786505.2,0,0,0,0,0,1,0,0,0,0,0,1,0
GCA_025787555.2,0,0,1,0,0,1,0,0,0,0,0,1,0
GCA_025787705.2,0,0,1,0,0,1,0,0,0,1,0,1,0
GCA_025789575.2,0,0,1,0,0,1,0,0,0,0,0,1,0
GCA_031775865.2,0,0,1,0,0,1,0,0,0,1,0,1,0
GCA_031776175.2,0,0,1,0,0,1,0,0,0,1,0,1,0
GCA_032120615.2,0,0,1,0,0,1,0,0,0,0,0,1,0
GCA_032123075.2,0,0,1,0,0,1,0,0,0,0,0,1,0
GCA_032123115.2,0,0,1,0,0,1,0,0,0,0,0,1,0
GCA_032328745.2,0,0,1,0,0,1,0,0,0,1,0,1,0
GCA_032329155.2,0,0,1,0,0,1,0,0,0,0,0,1,0
GCA_032329275.2,0,0,1,0,0,1,0,0,0,1,0,1,0
GCA_032329495.2,0,0,1,0,0,1,0,0,0,1,0,1,0
GCA_032329935.2,0,0,1,0,0,1,0,0,0,1,0,1,0
GCA_032330195.2,0,0,1,0,0,1,0,0,0,1,0,1,0
GCA_032330335.2,0,0,1,0,0,1,0,0,0,1,0,1,0
GCA_032331575.2,0,0,1,0,0,1,0,0,0,0,0,1,0
GCA_032331595.2,0,0,1,0,0,1,0,0,0,0,0,1,0
GCA_032331715.2,0,0,1,0,0,1,0,0,0,0,0,1,0
GCA_032332355.2,0,0,1,0,0,1,0,0,0,0,0,1,0
GCA_032333415.2,0,0,1,0,0,1,0,0,0,0,0,1,0
GCA_032333855.2,0,0,1,0,0,1,0,0,0,1,0,1,0
GCA_032334035.2,0,0,1,0,0,1,0,0,0,0,0,1,0
GCA_032335115.2,0,0,1,0,0,1,0,0,0,1,0,1,0
GCA_032335395.2,0,0,1,0,0,1,0,0,0,1,0,1,0
GCA_032337535.2,0,0,1,0,0,1,0,0,0,0,0,1,0
GCA_032337755.2,0,0,0,1,0,1,0,0,0,0,0,1,0
GCA_032337935.2,0,0,1,0,0,1,0,0,0,0,0,1,0
GCA_032338195.2,0,0,1,0,0,1,0,0,0,0,0,1,0
GCA_032338205.2,0,0,1,0,0,1,1,0,0,0,0,1,0
GCA_032338275.2,0,0,1,0,0,1,0,0,0,0,0,1,0
GCA_032338655.2,0,0,1,0,0,1,0,0,0,1,0,1,0
GCA_038080215.1,0,0,1,0,0,1,0,0,0,1,0,1,0
GCA_038081335.1,0,0,1,0,0,1,0,0,0,1,0,1,0
GCA_044151965.1,0,0,0,0,0,0,0,0,0,0,1,0,0
GCA_044698655.1,0,0,0,0,0,0,0,0,0,0,1,0,0
GCA_049209735.1,0,0,0,0,0,1,0,0,0,0,0,0,0
GCA_050913895.1,0,0,0,0,0,0,1,0,0,0,0,0,0
GCA_050914335.1,0,0,0,0,0,0,1,0,0,0,0,0,0
GCA_053651355.1,0,0,0,0,0,1,0,0,0,0,0,1,0
GCA_053663375.1,0,0,1,0,0,1,0,0,0,1,0,1,0
GCA_053665735.1,0,0,1,0,0,1,0,0,0,0,0,1,0
GCA_053666635.1,0,0,0,0,0,1,0,0,0,0,0,0,0
GCA_053667215.1,0,0,1,0,0,1,0,0,0,1,0,1,0
GCA_053673235.1,0,0,1,0,0,1,0,0,0,1,0,1,0
GCA_053673555.1,0,0,1,0,0,1,0,0,0,0,0,1,0
GCA_053673995.1,0,1,0,0,0,1,0,0,0,0,0,1,0
GCA_053675875.1,0,0,1,0,0,1,0,0,0,0,0,1,0
GCA_053676195.1,0,0,1,0,0,1,0,0,0,0,0,1,0
GCA_053676455.1,0,0,1,0,0,1,0,0,0,0,0,1,0
GCA_055027995.1,0,0,1,0,0,1,0,0,0,0,0,1,0
GCA_055029395.1,0,0,1,0,0,1,0,0,0,0,0,1,0
GCF_000770285.1,0,0,1,0,0,1,0,0,0,1,0,1,0
GCF_000798275.1,0,0,1,0,0,1,0,0,0,0,0,1,0
GCF_000798415.1,1,0,0,0,0,0,0,0,0,0,1,0,0
GCF_000798455.1,0,0,1,0,0,1,0,1,0,0,0,1,0
GCF_000818985.1,0,0,1,0,0,1,0,0,0,0,0,0,1
GCF_002787215.1,0,0,1,0,0,1,0,0,0,0,0,1,0
GCF_002788295.1,0,0,1,0,0,1,0,0,0,0,0,1,0
GCF_003288455.1,0,0,1,0,0,1,0,0,0,1,0,1,0
GCF_004116595.1,0,0,1,0,0,1,0,0,0,0,0,1,0
GCF_004116695.1,0,0,1,0,0,1,0,0,0,0,0,1,0
GCF_004116915.1,0,0,1,0,0,1,0,0,0,0,0,1,0
GCF_004566455.1,0,0,1,0,0,1,0,0,0,1,0,1,0
GCF_004566465.1,0,0,1,0,0,1,0,0,0,1,0,1,0
GCF_004566595.1,0,0,1,0,0,1,0,0,0,0,0,1,0
GCF_004566955.1,0,0,1,0,0,1,0,0,0,0,0,1,0
GCF_004567265.1,0,0,1,0,0,1,0,0,0,1,0,1,0
GCF_004567565.1,0,0,1,0,0,1,0,0,0,0,0,1,0
GCF_004569995.1,0,0,1,0,0,1,0,0,0,0,0,1,0
GCF_022694405.1,0,0,1,0,0,1,0,0,0,0,0,1,0
GCF_023865695.1,0,0,1,0,0,1,0,0,0,1,0,1,0
GCF_023866585.1,0,0,1,0,0,1,0,0,0,1,0,1,0
GCF_023868135.1,0,0,0,0,0,1,0,0,0,0,0,0,0
GCF_025827855.1,0,0,1,0,0,1,0,0,0,0,0,1,0
GCF_025827885.1,0,0,0,0,0,1,0,0,0,0,0,0,0
GCF_025827975.1,0,0,1,0,0,1,0,0,0,0,0,1,0
GCF_025828275.1,0,0,0,0,0,1,0,0,0,0,0,0,0
GCF_025828815.1,0,0,0,0,0,1,0,0,0,0,0,0,0
GCF_025830475.1,0,0,1,0,0,1,0,0,0,0,0,1,0
GCF_025831025.1,0,0,0,0,0,1,0,0,0,0,0,0,0
GCF_025831215.1,0,0,0,0,0,1,0,0,0,0,0,0,0
GCF_025831965.1,0,0,0,0,0,1,0,0,0,0,0,0,0
GCF_025833105.1,0,0,1,0,0,1,0,0,0,0,0,1,0
GCF_025833535.1,0,0,0,0,0,1,0,0,0,0,0,0,0
GCF_025833755.1,0,0,1,0,0,1,0,0,0,0,0,1,0
GCF_026421005.1,0,0,1,0,0,1,0,0,0,0,0,1,0
GCF_026421085.1,0,0,1,0,0,1,1,0,0,0,0,1,0
GCF_046370525.1,0,0,1,0,0,1,0,0,0,0,0,1,0
GCF_046376125.1,0,0,1,0,0,1,0,0,0,0,0,1,0
GCF_046376245.1,1,0,0,0,0,1,0,0,0,0,0,1,0
GCF_046376345.1,1,0,0,0,0,1,0,0,0,0,0,1,0
